domain,title,category,description
bbc.co.uk,BBC News,News,National broadcaster covering UK and world news
theguardian.com,The Guardian,News,Independent UK news outlet offering long-form investigations and commentary.
sky.com,Sky News,News,24-hour news provider with coverage of breaking stories and live reports.
metro.co.uk,Metro UK,News,Free UK newspaper with quick takes on daily events
independent.co.uk,The Independent,News,Digital-only news platform focused on UK politics
dailymail.co.uk,Daily Mail,News,Mass-market paper featuring UK gossip
mirror.co.uk,The Mirror,News,UK tabloid covering major crime
standard.co.uk,Evening Standard,London News,London-focused reporting on transport
lbc.co.uk,LBC Radio,News/Radio,Talk radio platform hosting debates on politics
cityam.com,City AM,London Business,Financial news with a focus on London’s business district and corporate developments.
reuters.com,Reuters,News,International wire service offering breaking financial and global news.
bloomberg.com,Bloomberg,Finance,Global markets reporting with emphasis on economic trends and corporate activity.
ft.com,Financial Times,Finance,International business newspaper known for in-depth analysis and professional reporting.
gov.uk,UK Government Portal,Government,Official government services including records
nhs.uk,NHS,Health,Public health information including symptom guidance
met.police.uk,Metropolitan Police,Government,Official site of London’s police service with statements
london.gov.uk,Mayor of London,Government,Information about London governance
tfl.gov.uk,Transport for London,Public Transport,Live updates on London transport
legislation.gov.uk,UK Legislation,Government,Database of UK laws
companieshouse.gov.uk,Companies House,Business Registry,Official register of UK companies and filing records.
nationalarchives.gov.uk,National Archives,Government,Historical and public record archives including documents and datasets.
citizensadvice.org.uk,Citizens Advice,Support Services,Guidance on legal rights
samaritans.org,Samaritans,Support Services,Confidential helpline and mental health resources for people in crisis.
crimestoppers-uk.org,Crimestoppers,Crime Prevention,Anonymous reporting service for crime and suspicious activity.
reddit.com,Reddit,Social,Community forum with discussions on every topic from news to fringe theories.
facebook.com,Facebook,Social,A global social network for personal profiles
instagram.com,Instagram,Social,Photo and media sharing platform popular with UK influencers and creatives.
twitter.com,Twitter/X,Social,Microblogging network heavily used for breaking news and UK commentary.
youtube.com,YouTube,Media,Video-sharing platform hosting everything from news clips to obscure content.
tripadvisor.co.uk,TripAdvisor,Travel,User reviews for hotels
timeout.com/london,TimeOut London,London Guide,Events
visitlondon.com,Visit London,Tourism,Official tourism guide to London including activities and landmarks.
londonist.com,Londonist,London Culture,Articles exploring London history
secretldn.com,Secret London,London Guide,Light entertainment site covering quirky events
mylondon.news,MyLondon,Local News,Local reporting across London boroughs including crime and community updates.
thelondoneer.com,The Londoneer,London Blog,Blog covering London travel tips
londonreviewofbooks.co.uk,London Review of Books,Culture,Long-form essays and cultural critique.
timeoutdoors.com,Time Outdoors,Activities,UK walking and outdoor activity guides.
nationaltrust.org.uk,National Trust,Heritage,Nature and heritage sites across the UK.
english-heritage.org.uk,English Heritage,Heritage,Information on UK castles
hidden-london.com,Hidden London,London History,Deep dives into abandoned stations
subbrit.org.uk,Subterranea Britannica,Urban Exploration,Research into underground and forgotten UK places.
abandonedbritain.com,Abandoned Britain,Urban Exploration,Photography and documentation of derelict UK locations.
darkhotels.co.uk,Dark Hotels,Travel Blog,Travel writing focused on unusual or unsettling UK stays and late-night experiences.
thelineofbestfit.com,Best Fit,Music,UK music journalism with album reviews and underground scene coverage.
mixmag.net,Mixmag,Music,Nightlife and club culture reporting with global DJ features.
ra.co,Resident Advisor,Music,Electronic music events
thequietus.com,The Quietus,Culture,Articles exploring music
theskeptic.org.uk,The Skeptic,Skepticism,UK publication addressing pseudoscience and unusual beliefs.
rationalwiki.org,RationalWiki,Skepticism,Wiki critiquing conspiracy theories and fringe ideas.
theblackvault.com,The Black Vault,Conspiracy,Declassified documents and FOIA releases on intelligence and government projects.
infowars.com,InfoWars,Conspiracy,Controversial US conspiracy site with fringe political commentary.
collective-evolution.com,Collective Evolution,Conspiracy,Alternative news site discussing perception
vigilantcitizen.com,Vigilant Citizen,Conspiracy/Culture,Articles interpreting media symbolism and unusual cultural phenomena.
londonmystery.uk,London Mystery,Urban Legends,Articles on unexplained London tales
fogandlantern.co.uk,Fog & Lantern,Dark Culture UK,Essays on folklore
theundergroundmap.com,Underground Map,History,Hobbyist research site mapping hidden tunnels
urban75.net,Urban75,Forum,Long-running UK forum discussing politics
aboveetopsecret.com,AboveTopSecret,Conspiracy Forum,International forum discussing global conspiracies and unexplained events.
godlikeproductions.com,GLP Forum,Conspiracy Forum,Online forum covering political rumours
mumsnet.com,Mumsnet,Forum,Popular UK forum discussing family issues
tapatalk.com,Tapatalk Forums,Forum,Home of thousands of niche discussion forums including UK-local groups.
pistonheads.com,PistonHeads,Forum,UK automotive forum often discussing travel
quora.com,Quora,Knowledge Forum,Community question-and-answer site on any topic.
stackexchange.com,StackExchange,Knowledge Network,Technical and niche Q&A communities.
theoccultarchive.org,Occult Archive,Archive,Digital archive of historical esoteric texts and folklore materials.
nightfolk.uk,Nightfolk UK,Culture,Community blog collecting strange anecdotes
shadowatlas.co.uk,Shadow Atlas,Dark Culture,Independent journalism exploring crime history
psychogeographic.co.uk,The Psychogeographer,Culture,Articles exploring London’s emotional landscapes and hidden patterns of movement.
nowherejournal.com,Nowhere Journal,Literary Magazine,Creative nonfiction and strange travel writing with UK contributors.
weirdwalk.co.uk,Weird Walk,Folklore,UK folklore-inspired publication covering strange traditions and sites.
atlasobscura.com,Atlas Obscura,Travel,Global guide to unusual attractions
roadsidebritain.uk,Roadside Britain,Travel Blog,Documentation of strange roadside attractions and forgotten infrastructure.
fresheatlondon.com,Fresh Eat London,Restaurant Blog,Blog featuring London dining
derelictlondon.com,Derelict London,Urban Exploration,Photos and notes on abandoned buildings and decaying sites across London.
thelondonpsych.com,The London Psych,Analysis,Essays mixing culture
ukcolumn.org,UK Column,Alt News,Independent political commentary site covering UK government and civil issues.
truepublica.org.uk,TruePublica,Alt News,Investigative site covering corruption
byline.com,Byline,Investigations,Independent journalists publishing investigative work and commentary.
thecanary.co,The Canary,Alt News,Political reporting
vice.com,VICE,Youth Culture,News and documentary content often exploring fringe UK scenes.
thetab.com,The Tab,Youth Culture,University-focused reporting including scandals
londoncrime.uk,London Crime Watch,Crime Data,Public aggregator of London crime reports and neighbourhood statistics.
openstreetmap.org,OpenStreetMap,Mapping,User-generated maps with detailed UK street-level features.
maps.co.uk,Maps UK,Mapping,Public mapping and local area information including attractions.
weather.com,Weather Channel,Weather,Weather forecasts and alerts for UK towns and cities.
metoffice.gov.uk,Met Office,Weather,Official UK weather warnings
londonfire.gov.uk,London Fire Brigade,Public Safety,Fire safety updates and incident responses from the LFB.
thameswater.co.uk,Thames Water,Utilities,Water supply updates
ukpowernetworks.co.uk,UK Power Networks,Utilities,Electricity network updates
trainline.com,Trainline,Transport,UK rail booking platform with live service data.
nationalrail.co.uk,National Rail,Transport,Train times
arriva.co.uk,Arriva UK,Transport,Buses and transport updates with service news across UK regions.
uber.com,Uber UK,Transport,Private hire and ride-share services in London and major cities.
lyft.co.uk,Lyft UK,Transport,Ride-share platform with UK coverage.
booking.com,Booking.com,Travel,Hotel search platform used heavily for London tourism.
airbnb.co.uk,Airbnb UK,Travel,Private accommodation and short stays across London and the UK.
zoopla.co.uk,Zoopla,Property,Property listings and neighbourhood information across the UK.
rightmove.co.uk,Rightmove,Property,Housing market listings and valuation tools for UK regions.
gumtree.com,Gumtree,Classifieds,Listings for jobs
indeed.co.uk,Indeed UK,Jobs,Job search engine aggregating UK postings across industries.
totaljobs.com,TotalJobs,Jobs,Recruitment portal for UK businesses and applicants.
reed.co.uk,Reed UK,Jobs,Job search
thetrainyard.uk,The Trainyard,London Blog,Blog exploring industrial locations
nightbuschronicle.co.uk,Night Bus Chronicle,Culture/Blog,Stories and essays about late-night travel
publicrecordfinder.uk,Public Record Finder,Data Tools,Directory of UK public record sources and data lookups.
mysticsisters.co.uk,Mystic Sisters London,local business,"A long-running London-based psychic and tarot reading service offering phone, email, and in-person consultations."
psychicstudies.org,The College of Psychic Studies London,educational organisation,"Established centre in South Kensington offering courses, lectures, and workshops on psychic and spiritual development."
theatlantisbookshop.com,The Atlantis Bookshop London,bookshop,"Historic occult bookshop in Bloomsbury specialising in esotericism, magic, astrology, and spiritual texts."
watkinsbooks.com,Watkins Books London,bookshop & events,"Independent esoteric bookshop hosting talks and readings on mysticism, psychology, and spiritual practice."
timeout.com,Time Out London – Psychic Readings,media article,"Time Out guide covering psychic readings, tarot readers, and spiritual services across London."
jessicaadams.com,Jessica Adams Astrology,astrology service,"Well-known astrologer offering forecasts, consultations, and commentary frequently referenced in UK media."
trustpilot.com,Trustpilot – Psychic Reading Services,review platform,"Consumer reviews and ratings for online and in-person psychic reading services operating in the UK."
reddit.com,Reddit r/psychics,online community,"Discussion forum where users share experiences, recommendations, and skepticism about psychic readings and practices."
parapsych.org,Parapsychological Association,academic organisation,"International scholarly body focused on the scientific study of psychic and anomalous phenomena."
bbc.com,BBC Future – Can Psychics Really Predict?,media article,"Exploratory BBC article examining claims of psychic ability through psychology and science."
eventbrite.co.uk,Psychic & Tarot Events London,event listings,"Listings for tarot nights, psychic fairs, and spiritual workshops hosted across London venues."
houseofintuitionla.com,House of Intuition,retail & services,"Spiritual retail chain offering tarot readings, crystals, and metaphysical services with a growing UK presence."
bps.org.uk,British Psychological Society – Paranormal Belief,research articles,"Academic resources discussing belief in psychic phenomena from a psychological perspective."
yell.com,Psychics in London,business directory,"Local directory listing professional psychic readers, clairvoyants, and spiritual advisors in London."
theguardian.com,The Guardian – Astrology and Psychic Columns,newspaper column,"Opinion and lifestyle pieces exploring astrology, horoscopes, and modern spiritual belief."
abovetopsecret.com,Psychic Phenomena Forum Threads,discussion forum,"Long-running conspiracy and paranormal forum with extensive threads on psychic experiences."
treadwells-london.com,Treadwell’s Books London,bookshop & events,"Occult-focused bookshop near Covent Garden offering lectures, readings, and specialist texts."
psychicreadings.uk,Psychic Readings London UK,service aggregator,"Aggregator site advertising phone and online psychic readings from multiple UK-based practitioners."
mindbodyspiritfestival.co.uk,Mind Body Spirit Festival London,festival & expo,"Large annual wellness and spirituality event featuring psychic readers, talks, and holistic products."
wikipedia.org,Psychic Reading – Wikipedia,reference article,"Overview article describing psychic reading practices, history, skepticism, and cultural impact."
dennissevershouse.co.uk,Dennis Severs' House,heritage attraction,"An atmospheric historic house in Spitalfields filled with period objects, curios, and immersive storytelling."
theatlantisbookshop.com,The Atlantis Bookshop London,bookshop,"Historic Bloomsbury bookshop specialising in esoteric, magical, and occult literature and artefacts."
treadwells-london.com,Treadwell’s Books,bookshop & events,"Occult-focused shop near Covent Garden offering rare texts, lectures, and specialist esoteric material."
graysantiques.com,Grays Antiques Market,antiques market,"Large London antiques market featuring dealers in jewellery, books, ephemera, and unusual objects."
alfiesantiques.com,Alfies Antique Market,antiques market,"Four-floor antiques market in Marylebone known for eclectic dealers and architectural salvage."
londonsilvervaults.com,The London Silver Vaults,antiques arcade,"Historic underground arcade housing specialist dealers in silver, antiquities, and collectibles."
victorianantiquesshop.co.uk,The Victorian Antiques Shop,antiques dealer,"London-based dealer specialising in Victorian-era objects, curios, and decorative antiques."
pimlicoantiques.com,Pimlico Antiques,antiques dealer,"Independent antiques shop offering small collectibles, decorative items, and period curios."
lapada.org,LAPADA – Association of Art & Antiques Dealers,trade association,"Professional association listing vetted UK dealers in antiques, art, and historical objects."
vanda-production-assets.co.uk,V&A Theatre & Performance Collections,museum archive,"Museum collection containing historic props, objects, and curios related to performance and ritual."
britishmuseum.org,The British Museum Collection Online,museum collection,"Extensive public database of historical artefacts, ritual objects, and cultural curiosities."
oldoperatingtheatre.com,The Old Operating Theatre Museum,museum,"Historic medical museum featuring preserved surgical instruments and Victorian curios."
horniman.ac.uk,Horniman Museum and Gardens,museum,"Museum known for anthropological collections, musical instruments, and unusual artefacts."
atlasobscura.com,Atlas Obscura – London Curiosities,travel & culture,"Curated guides to strange, forgotten, and unusual places and objects across London."
etsy.com,Etsy – Occult & Curio Antiques,online marketplace,"Marketplace listings featuring antique ritual objects, oddities, and vintage curios from UK sellers."
abebooks.co.uk,AbeBooks – Occult & Antiquarian Books,book marketplace,"Online marketplace for rare, antiquarian, and esoteric books and manuscripts."
sotherans.co.uk,Sotheran’s of Sackville Street,antiquarian bookseller,"Historic London bookseller specialising in rare books, manuscripts, and unusual printed material."
christies.com,Christie’s – Curiosities & Antiques,auction house,"International auction house handling antiques, ethnographic objects, and historical curios."
bonhams.com,Bonhams – Antiques & Curios,auction house,"Auction house with dedicated sales for antiques, scientific instruments, and unusual artefacts."
reddit.com,Reddit r/Antiques,online community,"Discussion forum where users share photos, identification help, and stories about antique objects."
ukbiobank.ac.uk,UK Biobank,research organisation,"Large-scale biomedical database supporting research into genetics, health, and disease."
genomicsengland.co.uk,Genomics England,genomics research,"UK government-backed organisation advancing genomic medicine and large population studies."
nhsblood.co.uk,NHS Blood and Transplant,public health organisation,"UK service responsible for blood donation, transplantation services, and related clinical research."
nih.gov,National Institutes of Health – Blood Research,government research,"US government research initiatives exploring blood disorders, genetics, and translational medicine."
nature.com,Nature – Blood & Hematology Research,scientific journal,"Peer-reviewed research articles covering advances in hematology and biomedical science."
thelancet.com,The Lancet Haematology,medical journal,"Specialist medical journal publishing clinical research on blood diseases and treatments."
clinicaltrials.gov,ClinicalTrials.gov – Blood Studies,clinical trials registry,"Public registry of clinical studies investigating blood disorders, therapies, and diagnostics."
wellcome.org,Wellcome Trust – Biomedical Research,medical research charity,"Major UK funder supporting biomedical science, genetics, and translational research."
gsk.com,GlaxoSmithKline – R&D,Biopharmaceutical company,"Research and development programmes focused on vaccines, immunology, and blood-related conditions."
roche.com,Roche Diagnostics,diagnostics company,"Medical diagnostics company developing blood testing and laboratory technologies."
thermofisher.com,Thermo Fisher Scientific,laboratory supplier,"Global supplier of laboratory equipment, reagents, and clinical research tools."
abcam.com,Abcam,biomedical supplier,"Cambridge-based supplier of antibodies and reagents used in blood and cellular research."
iqvia.com,IQVIA,clinical research services,"Company providing data analytics and contract research services for biomedical trials."
medrxiv.org,medRxiv – Blood Research Preprints,preprint server,"Platform hosting early-stage clinical research papers prior to peer review."
ema.europa.eu,European Medicines Agency – Clinical Data,regulatory body,"European authority overseeing medicines approval and clinical trial regulation."
science.org,Science – Biomedical Research,scientific journal,"Peer-reviewed journal publishing high-impact research across biomedical disciplines."
who.int,World Health Organization – Blood Safety,public health guidance,"International guidance on blood safety, transfusion practices, and global health research."
cambridgebiomedicalcampus.org,Cambridge Biomedical Campus,research hub,"Major UK biomedical research cluster hosting academic, clinical, and industry organisations."
reddit.com,Reddit r/biotech,online community,"Discussion forum focused on biotechnology research, industry developments, and ethical debates."
survivalequipmentuk.co.uk,Survival Equipment UK,online retailer,"UK-based retailer supplying survival gear, emergency kits, and outdoor preparedness equipment."
preppersshop.co.uk,The Preppers Shop UK,online retailer,"Specialist store offering food storage, water filtration, and emergency preparedness supplies."
britishredcross.org.uk,British Red Cross – Emergency Preparedness,emergency guidance,"Public guidance on preparing for emergencies, disasters, and personal resilience."
gov.uk,GOV.UK – Prepare for Emergencies,government guidance,"Official UK government advice on emergency planning, survival kits, and civil contingencies."
ready.gov,Ready.gov,government preparedness,"US government resource promoting household preparedness for natural and man-made emergencies."
urbansurvivalsite.com,The Urban Survival Site,preparedness blog,"Popular survivalist blog covering urban survival strategies, gear reviews, and contingency planning."
theprepared.com,The Prepared,preparedness resource,"Independent site offering evidence-based guides on emergency preparedness and survival gear."
reddit.com,Reddit r/preppers,online community,"Active forum where users discuss preparedness strategies, supplies, and real-world scenarios."
reddit.com,Reddit r/survival,online community,"Community focused on survival skills, emergency readiness, and outdoor self-reliance."
bushcraftuk.com,Bushcraft UK,skills forum,"UK-based community discussing bushcraft skills, survival techniques, and equipment."
survivorlibrary.com,Survivor Library,digital archive,"Large online archive of survival manuals, civil defence documents, and historical preparedness guides."
mountainwarehouse.com,Mountain Warehouse,outdoor retailer,"Mainstream outdoor retailer selling clothing and equipment often used by preppers and survivalists."
decathlon.co.uk,Decathlon UK,outdoor retailer,"Major sports retailer offering camping, emergency, and outdoor gear suitable for preparedness."
blacks.co.uk,Blacks,outdoor retailer,"UK outdoor retailer providing camping, navigation, and survival-related equipment."
londonevacuationroutes.co.uk,London Evacuation Routes,emergency planning,"Independent site exploring evacuation routes and emergency planning considerations for London."
civildefencemuseum.org.uk,UK Civil Defence Museum,museum & archive,"Museum preserving Cold War civil defence history, equipment, and preparedness materials."
theguardian.com,The Guardian – Preparing for Disaster,news feature,"News and lifestyle articles examining preparedness, resilience, and modern survivalism."
bbc.com,BBC – Emergency Planning & Resilience,news coverage,"BBC reporting on civil resilience, emergency response, and preparedness planning."
hamradio.co.uk,Waters & Stanton – Amateur Radio,communications retailer,"UK supplier of amateur radio equipment used for emergency and off-grid communication."
instructables.com,Instructables – Survival Projects,DIY guides,"User-created guides for emergency preparedness, survival tools, and off-grid solutions."
nhm.ac.uk,Natural History Museum London,museum,"Major London museum featuring collections of ancient artefacts, fossils, minerals, and historical objects."
britishmuseum.org,The British Museum – Collection Online,museum collection,"Public database of artefacts including ancient tablets, inscriptions, and archaeological objects."
vam.ac.uk,Victoria and Albert Museum – Asia Collection,museum collection,"Museum collections featuring ancient objects, manuscripts, and decorative artefacts from Asia."
museumoflondon.org.uk,Museum of London,museum,"Museum exploring London’s history through archaeological finds and historical artefacts."
petrie.umcl.ac.uk,Petrie Museum of Egyptian Archaeology,museum,"University museum housing ancient tablets, inscriptions, and artefacts from Egypt and Sudan."
ashmolean.org,Ashmolean Museum Oxford,museum,"UK museum with extensive collections of ancient artefacts, inscriptions, and archaeological material."
louvre.fr,The Louvre – Near Eastern Antiquities,museum collection,"International museum collection featuring ancient tablets, reliefs, and inscriptions."
metmuseum.org,The Met Museum – Ancient Near East,museum collection,"New York museum department dedicated to ancient artefacts, tablets, and early writing systems."
smuseum.ac.uk,Science Museum London – Ancient Technologies,museum exhibit,"Exhibits exploring early scientific instruments, materials, and technological artefacts."
atlasobscura.com,Atlas Obscura – Ancient Artefacts in London,travel & culture,"Curated articles highlighting unusual and historic artefacts housed in London museums."
timeout.com,Time Out London – Museum Highlights,tourist guide,"Editorial guides covering must-see museum exhibits and artefacts across London."
visitlondon.com,Visit London – Museums & Exhibitions,tourism portal,"Official tourism site listing exhibitions, museums, and cultural attractions in London."
historyextra.com,History Extra – Ancient Civilisations,history media,"Articles exploring ancient cultures, artefacts, and archaeological discoveries."
livescience.com,Live Science – Ancient Artefacts,science media,"Popular science coverage of archaeological finds, ancient tablets, and historical discoveries."
theguardian.com,The Guardian – Museum Exhibitions,news & culture,"Coverage and reviews of museum exhibitions and historical artefacts."
smithsonianmag.com,Smithsonian Magazine – Archaeology,science & culture,"Articles examining archaeological discoveries and ancient objects worldwide."
academia.edu,Academia.edu – Ancient Inscriptions,research platform,"Academic papers and uploads discussing ancient inscriptions and artefacts."
jstor.org,JSTOR – Archaeology Journals,academic archive,"Digital archive of scholarly articles on archaeology and ancient material culture."
courtauld.ac.uk,The Courtauld Gallery – Ancient Art,museum,"Gallery featuring ancient and classical works connected to historical material culture."
wikipedia.org,Ancient Tablet – Wikipedia,reference article,"Overview article explaining ancient tablets, inscriptions, and their historical significance."
whitechapelgallery.org,Whitechapel Gallery,contemporary art gallery,"Influential London gallery known for contemporary exhibitions and emerging international artists."
camdenartcentre.org,Camden Art Centre,public art gallery,"Camden-based gallery supporting contemporary art through exhibitions, talks, and artist development."
southlondongallery.org,South London Gallery,public art gallery,"Well-regarded contemporary art space showcasing established and emerging artists."
huxleyparlour.com,Huxley-Parlour Gallery,commercial art gallery,"London gallery specialising in contemporary photography and experimental visual art."
aliceblackgallery.com,Alice Black Gallery,commercial art gallery,"Independent gallery exhibiting contemporary painting, sculpture, and conceptual work."
publicgallery.co,Public Gallery,commercial art gallery,"Gallery focusing on contemporary photography, pop culture, and street-influenced art."
thephotographersgallery.org,The Photographers’ Gallery,photography gallery,"Leading photography space presenting contemporary photographic practice and exhibitions."
gazelliarthouse.com,Gazelli Art House,commercial art gallery,"Modern gallery supporting contemporary artists working across new media and installation."
sadiegallery.com,Sadie Coles HQ,commercial art gallery,"Internationally recognised gallery representing major contemporary artists."
camdenmarket.com,Camden Market – Art & Design,creative market,"Creative stalls and galleries showcasing artwork, prints, and design in Camden."
timeout.com,Time Out London – Art Galleries,arts guide,"Editorial listings and reviews of contemporary art galleries across London."
artsy.net,Artsy – London Galleries,art platform,"Global art platform listing exhibitions, galleries, and emerging artists in London."
frieze.com,Frieze – Galleries & Exhibitions,art media,"Art-world publication covering exhibitions, galleries, and contemporary trends."
artforum.com,Artforum,art criticism,"Influential magazine featuring criticism and coverage of contemporary art exhibitions."
theguardian.com,The Guardian – Art & Design,arts journalism,"Coverage and reviews of contemporary art, galleries, and exhibitions in London."
londongalleryweekend.com,London Gallery Weekend,art event,"Annual event highlighting contemporary galleries across the city."
unitlondon.com,Unit London,commercial art gallery,"Trendy gallery known for collectible contemporary works and high-profile exhibitions."
modernart.net,Modern Art London,commercial art gallery,"Established gallery representing contemporary artists working internationally."
artreview.com,ArtReview,art criticism,"International magazine covering contemporary art, artists, and market trends."
instagram.com,Instagram – London Art Galleries,social media,"Primary discovery platform where galleries share exhibitions, openings, and artist work."
smithfieldmarket.com,Smithfield Market,wholesale meat market,"Historic wholesale meat market supplying butchers, restaurants, and food businesses across London."
gingerpig.co.uk,The Ginger Pig,artisan butcher,"Well-known London butcher with multiple locations supplying high-quality meat and produce."
hgwalter.com,H G Walter,wholesale butcher,"Wholesale butcher supplying restaurants and caterers with British meat from Smithfield."
londonmeatcompany.co.uk,London Meat Company,meat supplier,"Independent supplier providing meat products to hospitality and retail customers."
donaldrussell.com,Donald Russell,online butcher,"Established British butcher delivering meat products nationwide."
eastlondonbutchers.com,East London Butchers,local butcher,"Independent butcher serving East London with fresh meat and custom cuts."
newingtongreenmeat.co.uk,Newington Green Meat Market,local butcher,"Neighbourhood butcher offering meat and deli products in North London."
spitalfieldsmarket.com,Old Spitalfields Market,food market,"Market featuring food traders and nearby independent food businesses in Spitalfields."
thebutcherylondon.com,The Butchery,artisan butcher,"Specialist butcher focusing on ethically sourced meat and sustainable practices."
billingsgate.co.uk,Billingsgate Market,wholesale food market,"Major London wholesale market supplying fish and food products to the catering trade."
thelondonbutchery.co.uk,The London Butchery,local butcher,"Traditional butcher shop serving London customers with fresh meat products."
farmison.com,Farmison & Co,online butcher,"British online butcher specialising in responsibly sourced meat and poultry."
waitrose.com,Waitrose & Partners – Meat Counter,supermarket retailer,"Supermarket meat counters offering a wide range of fresh meat products."
sainsburys.co.uk,Sainsbury’s – Meat & Poultry,supermarket retailer,"National supermarket chain supplying meat products across the UK."
morrisons.com,Morrisons – Market Street Butchers,supermarket butcher,"In-store butchers offering fresh meat prepared on-site."
bbcgoodfood.com,BBC Good Food – Meat Guides,food media,"Recipes and guides covering meat cuts, preparation, and cooking techniques."
timeout.com,Time Out London – Best Butchers,food guide,"Editorial recommendations for notable butcher shops across London."
yell.com,Butchers in Spitalfields,business directory,"Local directory listing butcher shops and meat suppliers in the Spitalfields area."
reddit.com,Reddit r/butchery,online community,"Discussion forum for professionals and enthusiasts discussing meat processing and butchery."
trade.kaliums.com,Kaliums – Wholesale Food Suppliers,food wholesaler,"UK wholesaler supplying meat and food products to hospitality and retail businesses."
thesun.co.uk,The Sun – Celebrity News,tabloid newspaper,"Celebrity gossip, scandals, and sensational headlines covering UK and international stars."
dailymail.co.uk,Daily Mail – Showbiz,tabloid media,"Extensive celebrity coverage mixing gossip, speculation, and paparazzi photography."
mirror.co.uk,Daily Mirror – Celebs,tabloid newspaper,"Entertainment news and celebrity stories aimed at a mass UK audience."
metro.co.uk,Metro – Celebrity News,free newspaper,"Quick-read celebrity gossip and entertainment stories from the free London newspaper."
ok.co.uk,OK! Magazine,celebrity magazine,"Celebrity relationships, breakups, and exclusive gossip stories."
heatworld.com,Heat Magazine,celebrity gossip,"Pop culture and celebrity scandal reporting with a humorous and irreverent tone."
closeronline.co.uk,Closer Magazine,celebrity gossip,"Reality TV updates, celebrity rumours, and lifestyle content."
thestar.co.uk,Daily Star – Showbiz,tabloid newspaper,"Sensational celebrity stories and entertainment news with an exaggerated tone."
express.co.uk,Daily Express – Celebrity News,tabloid newspaper,"Celebrity coverage mixed with dramatic headlines and speculative reporting."
buzzfeed.com,BuzzFeed – Celebrity,viral media,"Click-driven celebrity stories, quizzes, and trending entertainment content."
ladbible.com,LADbible – Celebrity News,social media publisher,"Viral celebrity stories and entertainment news aimed at younger audiences."
tmz.com,TMZ,celebrity gossip,"International celebrity gossip site known for breaking scandal and paparazzi stories."
perezhilton.com,Perez Hilton,celebrity blog,"Long-running celebrity gossip blog focusing on scandal and controversy."
pagesix.com,Page Six – Celebrity News,tabloid column,"US-based celebrity gossip column known for rumours and insider leaks."
reddit.com,Reddit r/celebritygossip,online community,"Discussion forum sharing rumours, blind items, and celebrity speculation."
tattle.life,Tattle Life,online gossip forum,"UK-based gossip forum focused on influencers, celebrities, and public figures."
thetab.com,The Tab,student media,"Pop culture and celebrity content written in a deliberately trashy style."
popbitch.com,Popbitch,gossip newsletter,"Long-running UK gossip site sharing rumours, blind items, and media scandal."
digitalspy.com,Digital Spy – Showbiz,entertainment media,"Entertainment news and celebrity gossip covering television and pop culture."
unilad.com,UNILAD – Celebrity & Entertainment,viral media,"Shareable celebrity stories and sensational entertainment content."
blackrock.com,BlackRock,asset management,"Global investment management corporation overseeing trillions of dollars in assets worldwide."
vanguard.co.uk,Vanguard Asset Management,investment firm,"Major asset management company offering funds and investment services to institutions and individuals."
goldmansachs.com,Goldman Sachs,investment bank,"International investment bank providing financial services to corporations, governments, and investors."
jpmorgan.com,JPMorgan Chase & Co,investment bank,"Global financial services firm operating across banking, asset management, and investment services."
hsbc.co.uk,HSBC UK,banking group,"Multinational banking and financial services organisation with a major presence in Canary Wharf."
barclays.co.uk,Barclays Investment Bank,investment bank,"UK-based bank offering investment banking, trading, and wealth management services."
ubs.com,UBS,wealth management,"Global wealth management and investment banking firm serving high-net-worth clients."
credit-suisse.com,Credit Suisse,investment bank,"International financial services company providing investment banking and asset management."
canarywharf.com,Canary Wharf Group,financial district,"Business district housing major banks, investment firms, and corporate headquarters."
lseg.com,London Stock Exchange Group,financial infrastructure,"Operator of stock exchanges and financial data services supporting global markets."
ft.com,Financial Times – Wealth Management,financial media,"Coverage and analysis of global wealth, investment trends, and financial markets."
bloomberg.com,Bloomberg Markets,financial media,"Financial news and data platform used by professionals across global markets."
forbes.com,Forbes – Wealth & Finance,business media,"Coverage of billionaires, global wealth, and financial power structures."
pwc.co.uk,PwC UK – Financial Services,professional services,"Consultancy providing audit, tax, and advisory services to financial institutions."
deloitte.co.uk,Deloitte – Financial Advisory,professional services,"Global consultancy advising on finance, risk, and corporate strategy."
ey.com,Ernst & Young – Financial Services,professional services,"Advisory firm supporting banks and investment organisations worldwide."
kpmg.com,KPMG – Financial Services,professional services,"Audit and advisory services focused on financial institutions and capital markets."
reddit.com,Reddit r/finance,online community,"Discussion forum covering markets, investing, and financial news from a public perspective."
wikipedia.org,Asset Management – Wikipedia,reference article,"Overview article explaining asset management, investment firms, and financial structures."
investopedia.com,Investopedia – Wealth Management,financial education,"Educational resource explaining financial concepts related to wealth and investment."
annsummers.com,Ann Summers,adult retailer,"UK-based lingerie and adult products retailer with multiple London locations."
sh-womenstore.com,Sh! Women’s Erotic Emporium,adult boutique,"Sex-positive Soho-based store focusing on inclusive and educational adult products."
agentprovocateur.com,Agent Provocateur,lingerie retailer,"Luxury lingerie brand with flagship stores in central London."
lovehoney.co.uk,Lovehoney,online adult retailer,"Major UK retailer of sex toys, lingerie, and sexual wellness products."
myla.com,Myla London,lingerie retailer,"Premium lingerie brand with boutiques in central London."
thepleasurechest.com,The Pleasure Chest,adult retailer,"Well-known international sex shop chain offering sex-positive products and education."
sohoshopfronts.co.uk,Soho Shopfronts,local culture,"Archive documenting independent shops and retail culture in Soho."
timeout.com,Time Out London – Sex Shops,city guide,"Guide to adult stores and erotic boutiques across London."
yelp.co.uk,Adult Shops in Soho – Yelp,business directory,"User reviews and listings for adult shops located in Soho."
tripadvisor.co.uk,Soho Shopping – Adult Stores,travel reviews,"Visitor reviews and recommendations for shopping experiences in Soho."
theguardian.com,The Guardian – Sex & Relationships,media coverage,"Articles and commentary on sex, relationships, and sexual culture."
vice.com,VICE – Sex & Love,culture media,"Editorial content covering sexuality, relationships, and contemporary sex culture."
dazeddigital.com,Dazed – Sexuality & Culture,fashion & culture,"Coverage of sex, identity, and subculture in contemporary London."
cosmopolitan.com,Cosmopolitan – Sex & Relationships,lifestyle media,"Advice and features covering sex, dating, and relationships."
reddit.com,Reddit r/sex,online community,"Large discussion forum covering sex, relationships, and adult topics."
reddit.com,Reddit r/AskSex,online community,"Question-and-answer forum focused on sexual health and relationships."
thesun.co.uk,The Sun – Sex & Relationships,tabloid media,"Sensationalist coverage of sex stories and relationship advice."
independent.co.uk,The Independent – Lifestyle & Sex,news media,"Lifestyle articles exploring modern sexuality and relationships."
londonist.com,Londonist – Soho Guide,local media,"Guides and features covering Soho’s nightlife, shops, and culture."
wikipedia.org,Sex Shop – Wikipedia,reference article,"Overview article explaining sex shops, adult retail, and sexual wellness culture."
infowars.com,Infowars,conspiracy media,"Conspiracy-focused media site promoting alternative narratives about politics, health, and global events."
naturalnews.com,Natural News,alternative media,"Website publishing conspiracy-adjacent content focused on health, science skepticism, and global control narratives."
beforeitsnews.com,Before It’s News,conspiracy aggregator,"User-submitted news platform featuring speculative and conspiratorial articles."
aboveTopSecret.com,AboveTopSecret,conspiracy forum,"Long-running discussion forum covering conspiracies, UFOs, secret societies, and government cover-ups."
godlikeproductions.com,Godlike Productions,conspiracy forum,"Forum known for extreme conspiracy theories, speculation, and anonymous discussion threads."
rense.com,Rense.com,alternative news,"Alternative news site hosting conspiracy theories and fringe commentary."
globalresearch.ca,Global Research,alternative geopolitics,"Site promoting conspiratorial interpretations of global politics and media manipulation."
collective-evolution.com,Collective Evolution,consciousness media,"Platform blending conspiracy theories with spirituality and alternative worldviews."
reddit.com,Reddit r/conspiracy,online community,"Large discussion forum dedicated to conspiracy theories and alternative explanations for current events."
reddit.com,Reddit r/HighStrangeness,online community,"Community focused on paranormal, conspiracy, and unexplained phenomena."
unexplained-mysteries.com,Unexplained Mysteries,paranormal forum,"Forum discussing conspiracies, UFOs, ancient mysteries, and unexplained events."
gaia.com,Gaia,streaming platform,"Subscription platform featuring conspiracy-adjacent documentaries on ancient knowledge and hidden truths."
vice.com,VICE – Conspiracy Culture,media coverage,"Journalistic coverage examining conspiracy movements and online misinformation."
bbc.com,BBC Reality Check – Conspiracy Theories,news analysis,"Fact-checking articles addressing popular conspiracy narratives and misinformation."
theguardian.com,The Guardian – Conspiracy Theories,news analysis,"Coverage exploring the social and psychological impact of conspiracy beliefs."
skepticalscience.com,Skeptical Science,debunking resource,"Science-based responses to misinformation and conspiracy-driven climate claims."
snopes.com,Snopes – Conspiracy Claims,fact checking,"Fact-checking site addressing viral rumours, hoaxes, and conspiracy stories."
newscientist.com,New Scientist – Psychology of Conspiracy,science journalism,"Articles exploring why people believe conspiracy theories and how they spread."
wikipedia.org,Conspiracy Theory – Wikipedia,reference article,"Overview article explaining conspiracy theories, common themes, and societal impact."
academia.edu,Academia.edu – Conspiracy Belief Studies,research platform,"Academic papers examining conspiracy belief formation and misinformation."
chanel.com,Chanel Haute Couture,couture house,"Iconic French couture house known for exclusive, made-to-measure collections."
dior.com,Dior Haute Couture,couture house,"Luxury fashion house producing haute couture collections shown in Paris."
alexandermcqueen.com,Alexander McQueen,fashion house,"London-founded luxury fashion house blending avant-garde design with couture techniques."
viviennewestwood.com,Vivienne Westwood,fashion house,"British fashion house known for couture-level craftsmanship and radical design."
givenchy.com,Givenchy Haute Couture,couture house,"Historic couture house producing exclusive, high-fashion collections."
valentino.com,Valentino Haute Couture,couture house,"Italian luxury house renowned for couture gowns and elite clientele."
schiaparelli.com,Schiaparelli,couture house,"Surrealist couture house revived as an exclusive Parisian atelier."
balenciaga.com,Balenciaga,fashion house,"Luxury fashion house with couture heritage and modern experimental design."
fashionunited.uk,FashionUnited – Couture & Luxury,fashion industry media,"Industry news covering luxury fashion houses and couture collections."
voguebusiness.com,Vogue Business – Luxury,fashion journalism,"Analysis and reporting on high fashion, couture, and luxury markets."
voguerunway.com,Vogue Runway – Couture Shows,fashion media,"Runway coverage and archives of haute couture fashion shows."
businessoffashion.com,Business of Fashion,fashion industry media,"Global publication covering the business and culture of luxury fashion."
londonfashionweek.co.uk,London Fashion Week,fashion event,"Official platform for London’s fashion industry events and designers."
fhcm.paris,Fédération de la Haute Couture et de la Mode,fashion authority,"Governing body overseeing official haute couture designations."
theguardian.com,The Guardian – Fashion & Luxury,fashion journalism,"Coverage of luxury fashion houses, designers, and industry trends."
nytimes.com,New York Times – Fashion & Style,fashion journalism,"Reporting on couture, luxury brands, and elite fashion culture."
matchesfashion.com,Matches Fashion,luxury retailer,"Luxury fashion retailer curating high-end and couture-adjacent designers."
net-a-porter.com,Net-a-Porter,luxury e-commerce,"Online luxury fashion platform showcasing exclusive designer collections."
artsy.net,Artsy – Fashion & Art,culture platform,"Coverage exploring the intersection of high fashion, art, and design."
wikipedia.org,Haute Couture – Wikipedia,reference article,"Overview article explaining haute couture, its regulation, and cultural significance."
theunderworldcamden.co.uk,The Underworld Camden,live music venue,"Iconic Camden basement venue hosting rock, metal, punk, and alternative live music events."
worldsend.co.uk,World’s End Camden,pub & live music,"Historic Camden pub with an upstairs venue showcasing alternative and emerging music acts."
electricballroom.co.uk,Electric Ballroom,live music venue,"Legendary Camden venue hosting concerts, club nights, and alternative music events since the 1930s."
roundhouse.org.uk,Roundhouse,live music venue,"Major Camden performance venue presenting live music, theatre, and cultural events."
jazzcafe.co.uk,The Jazz Cafe Camden,live music venue,"Intimate Camden venue known for jazz, soul, hip hop, and world music performances."
dublincastlecamden.com,The Dublin Castle,pub & live music,"Famous Camden pub associated with the Britpop scene and live music discovery."
locktaverncamden.com,Lock Tavern,pub & live music,"Camden pub featuring live bands, DJs, and alternative club nights."
camdenassembly.com,Camden Assembly,live music venue,"Mid-sized venue hosting indie, rock, and electronic acts in the heart of Camden."
theblueskitchen.com,The Blues Kitchen Camden,live music & club,"Live blues, funk, and soul venue with late-night DJs and club atmosphere."
kokocamden.com,KOKO,live music venue,"Restored historic theatre hosting major live music performances and club nights."
rmg.co.uk,Royal Observatory Greenwich,historic landmark,"Historic observatory in Greenwich, home of the Prime Meridian and major astronomical exhibitions."
royalparks.org.uk,Greenwich Park,historic park,"Royal park surrounding the Royal Observatory with views across London and historic grounds."
greenwich.co.uk,Visit Greenwich,tourism portal,"Official visitor guide covering Greenwich attractions, museums, and historic sites."
theshard.london,The Shard,landmark,"Iconic London skyscraper offering panoramic views, offices, restaurants, and attractions."
visitlondon.com,Visit London – The Shard,tourist guide,"Official tourism listings and visitor information for The Shard experience."
roh.org.uk,The Royal Opera House,opera & ballet venue,"World-renowned venue hosting The Royal Ballet and The Royal Opera in Covent Garden."
royalballet.org.uk,The Royal Ballet,ballet company,"Internationally acclaimed ballet company performing classical and contemporary works."
britishmuseum.org,The British Museum,museum,"Major national museum housing world history, art, and ancient artefacts."
nationalgallery.org.uk,The National Gallery,art museum,"Gallery displaying a major collection of Western European paintings in Trafalgar Square."
southbankcentre.co.uk,Southbank Centre,arts complex,"Large cultural complex hosting music, dance, and performing arts along the Thames."
justeat.co.uk,Just Eat,food delivery platform,"Online platform allowing users to order takeaway food from local restaurants across the UK."
foodhub.co.uk,Foodhub,food delivery platform,"UK-based food ordering service connecting customers directly with local takeaways."
dominos.co.uk,Domino’s Pizza UK,pizza delivery,"National pizza chain offering online ordering and delivery across the UK."
ubereats.com,Uber Eats UK,food delivery platform,"Food delivery service partnering with restaurants and chains in major UK cities."
deliveroo.co.uk,Deliveroo,food delivery platform,"Popular UK food delivery app offering restaurant meals and grocery delivery."
pizzaexpress.com,PizzaExpress,restaurant chain,"Well-known restaurant chain offering pizza delivery and takeaway ordering."
pizzahut.co.uk,Pizza Hut UK,pizza delivery,"International pizza chain providing delivery, takeaway, and dine-in services."
kfc.co.uk,KFC UK,fast food chain,"Fast food restaurant chain offering fried chicken delivery and takeaway."
mcdonalds.com,McDonald’s UK,fast food chain,"Global fast food chain offering click-and-collect and delivery via partner apps."
subway.com,Subway UK,fast food chain,"Sandwich chain offering online ordering and delivery through third-party platforms."
nandos.co.uk,Nando’s,restaurant chain,"Popular peri-peri chicken restaurant offering delivery and collection."
burgerking.co.uk,Burger King UK,fast food chain,"Fast food chain offering burgers and delivery via food ordering platforms."
greggs.co.uk,Greggs,bakery chain,"High-street bakery chain offering click-and-collect and delivery in select areas."
pret.co.uk,Pret A Manger,food chain,"Sandwich and coffee chain offering delivery and takeaway ordering."
coop.co.uk,Co-op Food Delivery,supermarket delivery,"Convenience grocery delivery service available through food delivery apps."
iceland.co.uk,Iceland Foods,supermarket delivery,"Frozen food retailer offering online ordering and home delivery."
tesco.com,Tesco Whoosh,supermarket delivery,"Rapid grocery delivery service from Tesco stores in selected locations."
asda.com,ASDA Groceries,supermarket delivery,"Online grocery ordering and home delivery service."
sainsburys.co.uk,Sainsbury’s Groceries,supermarket delivery,"Supermarket chain offering online food ordering and delivery."
ocado.com,Ocado,online supermarket,"Online-only supermarket specialising in grocery delivery across the UK."
wikipedia.org,Test – Wikipedia,reference article,"Overview article explaining the concept of tests across science, technology, and everyday use."
wikipedia.org,Hello – Wikipedia,reference article,"Article exploring the word hello, its history, and usage."
justeat.co.uk,Just Eat,food delivery platform,"Online platform allowing users to order takeaway food from local restaurants across the UK."
dominos.co.uk,Domino’s Pizza UK,pizza delivery,"National pizza chain offering online ordering and delivery across the UK."
deliveroo.co.uk,Deliveroo,food delivery platform,"Food delivery service offering meals and groceries in major UK cities."
bbc.co.uk,BBC News,news media,"UK and international news coverage across politics, culture, and current events."
theguardian.com,The Guardian,news media,"British newspaper covering news, opinion, culture, and investigations."
metro.co.uk,Metro News,free newspaper,"Short-form news stories from the UK’s free daily newspaper."
spotify.com,Spotify,music streaming,"Music streaming service offering millions of tracks and playlists."
youtube.com,YouTube,video platform,"Video hosting platform featuring music, entertainment, and user-generated content."
bbc.co.uk,BBC Weather,weather service,"Weather forecasts and climate information for locations across the UK."
metoffice.gov.uk,Met Office,weather service,"Official UK weather forecasts and climate data."
visitlondon.com,Visit London,tourism portal,"Official guide to London attractions, events, and culture."
timeout.com,Time Out London,city guide,"Guides to food, events, nightlife, and culture in London."
camdenmarket.com,Camden Market,local attraction,"Popular Camden destination featuring food, shops, and alternative culture."
roundhouse.org.uk,Roundhouse Camden,live music venue,"Camden venue hosting music, theatre, and cultural events."
random.org,RANDOM.ORG,random generator,"Service generating true random numbers and sequences."
wikipedia.org,Nothing – Wikipedia,reference article,"Philosophical discussion of the concept of nothingness."
dictionary.com,IDK – Dictionary.com,slang definition,"Definition and usage of the slang term idk meaning I don’t know."
urbandictionary.com,LOL – Urban Dictionary,slang definition,"Crowdsourced definitions explaining the slang term lol."
grindr.com,Grindr,dating app,"Location-based dating and social networking app for gay, bi, trans, and queer people."
tinder.com,Tinder,dating app,"Dating app allowing users to match and chat based on location."
pornhub.com,Pornhub,adult website,"Adult video streaming platform featuring user-uploaded and professional content."
xvideos.com,XVideos,adult website,"Adult video website hosting a wide range of explicit content."
onlyfans.com,OnlyFans,subscription platform,"Content subscription service often used for adult and creator content."
wikipedia.org,Sex – Wikipedia,reference article,"Educational overview of sex, sexuality, and human reproduction."
healthline.com,Healthline – Sex Education,health information,"Health-focused articles covering sex, relationships, and wellbeing."
reddit.com,Reddit r/sex,online community,"Discussion forum focused on sex, relationships, and personal questions."
reddit.com,Reddit r/AskReddit,online community,"General discussion forum often used for random questions and boredom browsing."
github.com,GitHub,developer platform,"Code hosting platform frequently used when testing or experimenting."
stackoverflow.com,Stack Overflow,developer Q&A,"Question-and-answer site for programming and technical problems."
wikipedia.org,QWERTY – Wikipedia,reference article,"Article explaining the QWERTY keyboard layout and its history."
wikipedia.org,1234 – Wikipedia,reference article,"Article discussing simple numeric sequences and their usage."
wikipedia.org,Secret – Wikipedia,reference article,"Overview of the concept of secrets and confidentiality."
theatlantic.com,The Atlantic – Curiosity & Ideas,magazine,"Long-form journalism exploring ideas, culture, and society."
buzzfeed.com,BuzzFeed,viral media,"Click-driven entertainment, quizzes, and trending content."
reddit.com,Reddit r/random,online community,"Forum for random posts, images, and discussions."
twitter.com,X (formerly Twitter),social media,"Social networking platform used for news, memes, and real-time conversation."
instagram.com,Instagram,social media,"Photo and video sharing platform popular for casual browsing."
google.com,Google,search engine,"Global search engine often used as a reflex test query."
wikipedia.org,Vampire – Wikipedia,reference article,"Overview of vampire folklore, mythology, and fictional representations across cultures."
nationalgeographic.com,Vampire Bats – National Geographic,wildlife article,"Educational article about vampire bats, their biology, and feeding behaviour."
bbc.co.uk,BBC Bitesize – Myths and Legends,education resource,"Educational materials covering myths, legends, and folklore including vampires."
britishmuseum.org,Vampires in European Folklore,museum article,"Exploration of historical beliefs and folklore surrounding vampires in Europe."
historyextra.com,History Extra – Vampire Myths,history media,"Articles examining the historical origins of vampire legends."
livescience.com,Vampires: Myths vs Science,science media,"Scientific explanations behind vampire myths and misconceptions."
smithsonianmag.com,The Real History of Vampires,history & culture,"Cultural history of vampire stories and how they evolved over time."
goodreads.com,Best Vampire Fiction Books,book platform,"Curated lists and reviews of popular vampire novels and fiction."
imdb.com,Vampire Movies and TV,film database,"Listings of films and television shows featuring vampire characters."
bbc.com,BBC Culture – Why We Love Vampires,culture article,"Cultural analysis of vampire popularity in books, film, and television."
healthline.com,Blood Disorders Explained,health information,"Medical explanations of blood-related conditions and disorders."
nhs.uk,Porphyria – NHS,medical reference,"Information on porphyria, a condition historically linked to vampire myths."
naturalhistorymuseum.org.uk,Bats – Natural History Museum,science museum,"Educational resources about bats and their role in ecosystems."
atlasobscura.com,Vampire Tourism Sites,travel & culture,"Articles covering historic locations associated with vampire legends."
cambridge.org,Vampires in Literature,academic publishing,"Academic discussions of vampire themes in literature and culture."
theguardian.com,Vampires in Popular Culture,media analysis,"Articles examining vampires as cultural symbols in modern media."
history.com,Vampire Legends Around the World,history media,"Overview of vampire myths across different global cultures."
folklore.ee,Folklore and Mythical Creatures,academic folklore,"Academic archive exploring mythical creatures and folk beliefs."
who.int,Blood Safety – World Health Organization,public health,"Global guidance on blood safety and transfusion practices."
wikipedia.org,Secret Society – Wikipedia,reference article,"General overview of secret societies in history and popular culture."
wikipedia.org,Toreador (Bullfighting) – Wikipedia,reference article,"Overview of the term toreador, referring to bullfighters and their role in Spanish culture."
nationalgeographic.com,Bullfighting Traditions,history & culture,"Cultural exploration of bullfighting traditions in Spain and their historical roots."
imdb.com,Carmilla (Film & TV Adaptations),film database,"Listings of film and television adaptations inspired by the gothic novella Carmilla."
wikipedia.org,Carmilla – Wikipedia,reference article,"Article about the 1872 gothic novella Carmilla and its influence on vampire fiction."
sexpistols.co.uk,Sex Pistols,band website,"Official site of the influential punk rock band associated with anarchism and rebellion."
spotify.com,Anarchy in the UK – Sex Pistols,song,"Iconic punk song associated with anarchism and counterculture."
wikipedia.org,Anarchism – Wikipedia,political ideology,"Overview of anarchism as a political philosophy and social movement."
history.com,Anarchist Movements in Europe,history media,"Historical overview of anarchist movements in Europe."
wikipedia.org,Nosferatu – Wikipedia,film reference,"Article about the classic 1922 silent vampire film Nosferatu."
imdb.com,Nosferatu (1922),film database,"Film listing for the influential silent horror film Nosferatu."
wikipedia.org,Gangrel (Surname) – Wikipedia,reference article,"Article explaining the origin and usage of the surname Gangrel."
ancestry.co.uk,Gangrel Family Records,genealogy,"Genealogical records and surname history listings."
wikipedia.org,Malkin – Wikipedia,reference article,"Disambiguation page for the surname Malkin and notable individuals."
nhl.com,Evgeni Malkin,athlete profile,"Professional ice hockey player profile and career statistics."
wikipedia.org,Ventriloquism – Wikipedia,performance art,"Article explaining ventriloquism and its performance history."
imdb.com,Ventriloquist Performers,entertainment database,"Listings of notable ventriloquists and related performances."
britannica.com,Sabbat – Judaism,reference article,"Encyclopaedia article explaining the Jewish Sabbath and its cultural significance."
bbc.co.uk,What Is the Sabbath?,religious education,"Educational article explaining Sabbath observance across religions."
wikipedia.org,Kindred (Terminology) – Wikipedia,reference article,"Definition of kindred as a term referring to family or related groups."
ancestry.co.uk,Tracing Your Kindred,genealogy,"Genealogy guidance for researching family relationships and ancestry."

